"","result.1","result.2","result.3","result.4","result.5"
"1",0.019822096824646,16.2226752758026,53.0212012052536,9.45786320010821,39.9766194433504
