"","seq","","",""
"result.1",1500,184.790455174446,157.147684168816,2.18823072910309
